insert into users (user_id, username, first_name, last_name, password, email, avatar_photo, is_organizer, points, rank, is_deleted, reset_password_token, token_expiry_date, contest_wins)
values  (1, 'Jimmy', 'Dimitar', 'Georgiev', '$2a$10$QHaKGweNEzuLzJ6aURIGPOuASsUO5q0Yzou9mYM7PFrbCOyXeo722', 'dimitar.jx@gmail.com', 'https://storage.googleapis.com/pixiewars7/mitko.png', 1, 1000000, 'Organiser', 0, null, null, 0),
        (2, 'Pesho', 'Petar', 'Petrov', '$2a$10$Vce7dcdic/sNZrprgkf.tOB3ooeQpt/F47TigIuroLXC3Snjl2OKS', 'pet1999@abv.bg', 'https://storage.googleapis.com/pixiewars7/IMG_20200912_105804.jpg', 1, 1000000, 'Organiser', 0, null, null, 0),
        (3, 'ALLE(X)', 'Alexander', 'Georgiev', '$2a$10$5PVgHOuFubKlMDf/OtVBL.mBkbduGjEke380i9Vu8n3a4Yqtpeh6G', 'alexander@pixiewars.com', 'https://storage.googleapis.com/pixiewars7/photo-1517070208541-6ddc4d3efbcb.jpg', 0, 31, 'Junkie', 0, null, null, 0),
        (4, 'Vanish', 'Ivan', 'Georgiev', '$2a$10$RT1NN2.jHVsZiD/RYYWIh.BXk4gKX9koFZCPy/eaJJjKch6RnWQ1e', 'ivan@pixiewars.com', 'https://storage.googleapis.com/pixiewars7/istockphoto-1351147752-170667a.jpg', 0, 129, 'Enthusiast', 0, null, null, 0),
        (5, 'LaZZzz', 'Lazar', 'Georgiev', '$2a$10$y5jc7H.oMQXX4I6Uv8PJ/Om2JB7XmoZGyayRHHQqHrzrzopDIV.hm', 'lazar@pixiewars.com', 'https://storage.googleapis.com/pixiewars7/photo-1522075469751-3a6694fb2f61.jpg', 0, 221, 'Master', 0, null, null, 0),
        (6, 'GEO(R)', 'Georgi', 'Petrov', '$2a$10$ZmFwVhVa80bWwu3uztVC3urTQhcAm2tDEA.xCeEEuHho2roaif4Cm', 'pixiewars7@gmail.com', 'https://storage.googleapis.com/pixiewars7/photo-1503235930437-8c6293ba41f5.jpg', 0, 1121, 'Dictator', 0, null, null, 1),
        (7, 'Smarty', 'Martin', 'Petrov', '$2a$10$lLKWXpBnZiqqVSJ3aJnnhOBytlfbiYlt8kvXG3obwasXWacXEcPIK', 'martin@pixiewars.com', 'https://storage.googleapis.com/pixiewars7/photo-1543610892-0b1f7e6d8ac1.jpg', 0, 34, 'Junkie', 0, null, null, 0),
        (8, 'DaNNy', 'Daniel', 'Petrov', '$2a$10$xnr6i/cnFgfiVx9r/1N6kexovO4UBn/RBCqfCx7Jt92qWKvUAcqMW', 'daniel@pixiewars.com', 'https://storage.googleapis.com/pixiewars7/istockphoto-1300972574-170667a.jpg', 0, 139, 'Enthusiast', 0, null, null, 0),
        (9, 'SamaS', 'Samuil', 'Georgiev', '$2a$10$U0nXVhD.xiLAS2G6O4wUPekUjfsZIr6J0K.uhUZw8ipfrkABATa5m', 'samuil@pixiewars.com', 'https://storage.googleapis.com/pixiewars7/photo-1541290431335-1f4c2152e899.jpg', 0, 726, 'Master', 0, null, null, 0),
        (10, 'EmmoG', 'Emil', 'Georgiev', '$2a$10$xIgWeXtCn3d3u1lH/Ft9H.0I3Czr8s7DrMka9WYsbnhTYrSp07NDK', 'emil@pixiewars.com', 'https://storage.googleapis.com/pixiewars7/photo-1518806118471-f28b20a1d79d.jpg', 0, 80, 'Enthusiast', 0, null, null, 1),
        (11, 'Victory', 'Viktor', 'Petrov', '$2a$10$vHr3rhkI.PaUszdTXBKjLutXtXvdQK/FfEP51WGg6B5VHoC4Cf/ym', 'viktor@pixiewars.com', 'https://storage.googleapis.com/pixiewars7/photo-1529888730501-a20357637532.jpg', 0, 302, 'Master', 0, null, null, 0),
        (12, 'ToOtTo', 'Todor', 'Petrov', '$2a$10$slIYWLs4RgE1b.HBa4xJsOh0w7hHOuS9lttZAMsL8ZOJO7Eb/Dn1W', 'todor@pixiewars.com', 'https://storage.googleapis.com/pixiewars7/photo-1525357816819-392d2380d821.jpg', 0, 573, 'Master', 0, null, null, 0),
        (13, 'kSlava', 'Denitsa', 'Karaslavova', '$2a$10$12cazL9cZjAV4L3SiirO2uDyhW27peSoBUNfgrgqQtNFNPkssa1VO', 'denitsa@pixiewars.com', 'https://storage.googleapis.com/pixiewars7/photo-1499557354967-2b2d8910bcca.jpg', 0, 18, 'Junkie', 0, null, null, 0),
        (14, 'NADejda', 'Nadejda', 'Marinowa', '$2a$10$sOwfq9lfIPYLNaw0d3atMOHJrZaZQtTptLFtDi/JhBajft18aPJWe', 'nadejda@pixiewars.com', 'https://storage.googleapis.com/pixiewars7/photo-1494790108377-be9c29b29330.jpg', 0, 106, 'Enthusiast', 0, null, null, 0),
        (15, 'Renny', 'Irena', 'Lazarova', '$2a$10$lNkFKlBR3Q89e0YPis3hTu1exMnXX59uyRvczsRUawgs6eP1a0HmG', 'irena@pixiewars.com', 'https://storage.googleapis.com/pixiewars7/photo-1522228115018-d838bcce5c3a.jpg', 0, 431, 'Master', 0, null, null, 0),
        (16, 'Marry', 'Maria', 'Stodeva', '$2a$10$XfJP.RVtjED7JQ3s5LK5fuoFaKVVj6VVJe8nFUMSAnGxyYTO1sbOK', 'maria@pixiewars.com', 'https://storage.googleapis.com/pixiewars7/istockphoto-1381221247-170667a.jpg', 0, 79, 'Enthusiast', 0, null, null, 0),
        (17, 'Mi66e', 'Mihaela', 'Stavreva', '$2a$10$N40V5wn/lTnY6IUk5hgLNuWOQdqFgMAKE6NzTgqSlnx4srHqR1JIy', 'mihaela@pixiewars.com', 'https://storage.googleapis.com/pixiewars7/photo-1551929175-f82f676827b8.jpg', 0, 214, 'Master', 0, null, null, 2),
        (18, 'Zarra', 'Lachezara', 'Filkova', '$2a$10$F4O.gu1AotQVGCKgpXj6Ouk3Kb2J12aidmVZgt1I1pAfzs75n/ONi', 'lachezara@pixiewars.com', 'https://storage.googleapis.com/pixiewars7/photo-1526835746352-0b9da4054862.jpg', 0, 1091, 'Dictator', 0, null, null, 1);



insert into categories (category_id, category_name)
values  (1, 'Lifestyle'),
        (2, 'Abstract'),
        (3, 'Surreal '),
        (4, 'Macro'),
        (5, 'Documentary'),
        (6, 'Pets'),
        (7, 'Fashion'),
        (8, 'Street'),
        (9, 'Travel'),
        (10, 'Black & White'),
        (11, 'Art'),
        (12, 'Nature'),
        (14, 'Sport');



insert into pixie_wars.contests (contest_id, title, description, category_id, is_private, phase_one_time_limit, phase_two_time_limit, cover_photo, prize, isChecked)
values  (1, 'Portraits of People', 'Eyes are the ones that tell stories.', 10, 0, '2023-05-03 10:48:22', '2023-05-31 10:48:22', 'https://storage.googleapis.com/pixiewars7/coverPhotoPeople.jpg', 50, 0),
        (2, 'Animals ', 'The call of the wild', 5, 0, '2023-05-03 15:30:40', '2023-05-03 16:02:40', 'https://storage.googleapis.com/pixiewars7/redcharlie-redcharlie1-jNtv6K1RFek-unsplash.jpg', 70, 1),
        (3, 'Beach', 'A place for relaxation and good memories', 1, 0, '2023-05-03 15:21:21', '2023-05-03 17:10:21', 'https://storage.googleapis.com/pixiewars7/Seychelles_GettyImages-1169388113.jpg', 40, 1),
        (4, 'Insectopia', 'Celebrating the World of Bugs', 4, 1, '2023-05-30 20:27:54', '2023-05-31 20:27:54', 'https://storage.googleapis.com/pixiewars7/macro_cover.jpg', 80, 0),
        (5, 'Buildings', 'History of Architectures', 8, 0, '2023-05-03 10:32:30', '2023-05-03 15:32:30', 'https://storage.googleapis.com/pixiewars7/empire_state.jpg', 100, 1),
        (6, 'Camping', 'Camping is a way life', 1, 0, '2023-05-30 20:39:39', '2023-05-31 20:39:39', 'https://storage.googleapis.com/pixiewars7/r-d-smith-xGtkdXvt4k8-unsplash.jpg', 60, 0),
        (7, 'Flowers', 'Make a woman happy :)', 12, 0, '2023-05-03 10:46:23', '2023-05-31 20:46:23', 'https://storage.googleapis.com/pixiewars7/biel-morro-kcKiBcDTJt4-unsplash.jpg', 50, 0),
        (8, 'Forest', 'The lungs of earth', 12, 1, '2023-05-03 10:54:27', '2023-05-03 15:54:27', 'https://storage.googleapis.com/pixiewars7/97e606398c9b206eb10a869626e977a5.jpeg', 110, 1),
        (9, 'Sky - Day and Night', 'The art above us', 11, 0, '2023-05-03 10:56:57', '2023-05-31 20:56:57', 'https://storage.googleapis.com/pixiewars7/greg-rakozy-oMpAz-DN-9I-unsplash.jpg', 90, 0),
        (10, 'On the way', 'Exploring the world', 9, 0, '2023-05-30 21:00:02', '2023-05-31 21:00:02', 'https://storage.googleapis.com/pixiewars7/annie-spratt-qyAka7W5uMY-unsplash.jpg', 120, 0),
        (11, 'Mountain', 'Feel free', 12, 0, '2023-05-04 12:48:30', '2023-05-04 19:08:30', 'https://storage.googleapis.com/pixiewars7/benjamin-voros-phIFdC6lA4E-unsplash.jpg', 100, 1),
        (12, 'Favourite hobbies', 'Let''s play', 14, 1, '2023-05-24 11:58:54', '2023-05-24 21:58:54', 'https://storage.googleapis.com/pixiewars7/MicrosoftTeams-image (3).png', 150, 0);


insert into jury_members (jury_member_id, contest_id, user_id)
values  (7, 1, 1),
        (8, 1, 2),
        (9, 2, 1),
        (10, 2, 2),
        (11, 3, 1),
        (12, 3, 2),
        (13, 4, 1),
        (14, 4, 2),
        (15, 5, 1),
        (16, 5, 2),
        (17, 6, 1),
        (18, 6, 2),
        (19, 7, 1),
        (20, 7, 2),
        (21, 8, 1),
        (22, 8, 2),
        (23, 9, 1),
        (24, 9, 2),
        (25, 10, 1),
        (26, 10, 2),
        (27, 1, 6),
        (28, 4, 6),
        (29, 6, 6),
        (30, 10, 6),
        (31, 2, 15),
        (32, 6, 15),
        (33, 9, 15),
        (34, 3, 5),
        (35, 4, 5),
        (36, 5, 5),
        (37, 9, 5),
        (38, 1, 18),
        (39, 5, 18),
        (40, 7, 18),
        (41, 8, 18),
        (42, 2, 9),
        (43, 7, 9),
        (44, 8, 9),
        (45, 3, 12),
        (46, 7, 12),
        (47, 10, 12),
        (48, 11, 1),
        (49, 11, 2),
        (50, 12, 1),
        (51, 12, 2),
        (52, 11, 18),
        (53, 11, 5),
        (54, 12, 6);



insert into invitations (invitation_id, user_id, contest_id, message, for_jury, answer)
values  (24, 10, 8, 'Hi Emil, We invite you to Forest.
You can join until 2023-05-30 20:54:27.0', 0, null),
        (30, 7, 8, 'Hi Martin, We invite you to Forest.
You can join until 2023-05-30 20:54:27.0', 0, null),
        (34, 9, 12, 'Hi Samuil, We invite you to join as Jury to Favourite hobbies.
You can accept this invitation until 24 May 2023 11:58', 1, null),
        (37, 5, 12, 'Hi Lazar, We invite you to Favourite hobbies.
You can join until 24 May 2023 11:58', 0, null),
        (39, 7, 12, 'Hi Martin, We invite you to Favourite hobbies.
You can join until 24 May 2023 11:58', 0, null),
        (42, 14, 12, 'Hi Nadejda, We invite you to Favourite hobbies.
You can join until 24 May 2023 11:58', 0, null);


insert into participations (participation_id, user_id, contest_id, title, story, photo, total_score, position)
values  (1, 3, 8, 'Road in the forest', 'I love walks in nature', 'https://storage.googleapis.com/pixiewars7/cezary-kukowka-q4K48VNX6Gk-unsplash.jpg', 21, 6),
        (2, 3, 2, 'Gorila mood', 'The King on the Trees', 'https://storage.googleapis.com/pixiewars7/amy-reed-XB5E4D-Ipco-unsplash-scaled-e1627330380270.jpg', 19, 5),
        (3, 3, 3, 'Sozopol', 'Perfect place to relax ', 'https://storage.googleapis.com/pixiewars7/best-hawaii-beaches.jpg', 17, 5),
        (4, 3, 5, 'New York', 'Bird''s eye view', 'https://storage.googleapis.com/pixiewars7/ben-o-bro-wpU4veNGnHg-unsplash.jpg', 24, 6),
        (5, 3, 6, 'Wild relax', 'Good friends, nice view, great time!', 'https://storage.googleapis.com/pixiewars7/dave-hoefler-a3e7yEtQxJs-unsplash.jpg', 6, 0),
        (6, 3, 7, 'Flowers in Blue', 'How many unique colours flowers can have', 'https://storage.googleapis.com/pixiewars7/gaetano-cessati-CCy2UFLO1Mg-unsplash.jpg', 6, 0),
        (7, 3, 10, 'Train', 'Views while travelling by train', 'https://storage.googleapis.com/pixiewars7/abbilyn-rurenko-QoBilxz1dNc-unsplash.jpg', 6, 0),
        (8, 3, 1, 'Her Face', 'Love, Passion, Sex', 'https://storage.googleapis.com/pixiewars7/alex.jpg', 6, 0),
        (9, 3, 9, 'Pink in the Skies', 'Pink is for everything and everyone', 'https://storage.googleapis.com/pixiewars7/diego-ph-BCuxVP5WEsU-unsplash.jpg', 6, 0),
        (10, 8, 8, 'Life in the Woods', 'The scent of nature', 'https://storage.googleapis.com/pixiewars7/%25D0%25B4%25D0%25B0%25D0%25BD%25D0%25B8.jpg', 33, 2),
        (11, 8, 4, 'Bugggg', 'What are you looking at?', 'https://storage.googleapis.com/pixiewars7/kachenaDani.jpeg', 6, 0),
        (13, 8, 2, 'Family of Kangaroos', 'Life in Australia', 'https://storage.googleapis.com/pixiewars7/kachenaDaniJivotni.jpg', 20, 4),
        (14, 8, 3, 'Under the Sun', 'The beauty of small beaches', 'https://storage.googleapis.com/pixiewars7/kachenaDaniPlajove.jpg', 16, 6),
        (15, 8, 5, 'Old in Rome', 'History in Buildings', 'https://storage.googleapis.com/pixiewars7/alex-blajan-5nIk9-7vPaw-unsplash.jpg', 27, 4),
        (16, 8, 6, 'Camping everywhere', 'The freedom of camping', 'https://storage.googleapis.com/pixiewars7/alfred-boivin-XoM0eYSXWMs-unsplash.jpg', 6, 0),
        (17, 8, 7, 'Code Yellow', 'Smell Nice', 'https://storage.googleapis.com/pixiewars7/sergey-shmidt-koy6FlCCy5s-unsplash.jpg', 6, 0),
        (18, 8, 9, 'Cotton Sky', 'Like a story from my childhood', 'https://storage.googleapis.com/pixiewars7/chuttersnap-9AqIdzEc9pY-unsplash.jpg', 6, 0),
        (19, 10, 10, 'Infinity', 'Always on the road', 'https://storage.googleapis.com/pixiewars7/diego-jimenez-A-NVHPka9Rk-unsplash.jpg', 6, 0),
        (20, 10, 1, 'Eyes are strong', 'Look at him', 'https://storage.googleapis.com/pixiewars7/emo.jpg', 6, 0),
        (21, 10, 2, 'HippoLand', 'I am confused', 'https://storage.googleapis.com/pixiewars7/kachenaEmoJivotni.jpg', 31, 1),
        (22, 10, 6, 'Winter Camping', 'My story, my adventure', 'https://storage.googleapis.com/pixiewars7/kachenaEmoCamping.jpg', 6, 0),
        (23, 13, 1, 'Family', 'Love in a frame', 'https://storage.googleapis.com/pixiewars7/denica.jpg', 6, 0),
        (24, 13, 2, 'Meow Meow', 'Big cat mmmmm', 'https://storage.googleapis.com/pixiewars7/gwen-weustink-I3C1sSXj1i8-unsplash.jpg', 17, 6),
        (25, 13, 3, 'Greece', 'Love the beaches there', 'https://storage.googleapis.com/pixiewars7/Best-Beaches-in-Greece-Navagio-Beach-zakynthos.jpg', 21, 4),
        (26, 13, 5, 'White and Blue', 'How don''t know Santorini', 'https://storage.googleapis.com/pixiewars7/US_Greece_Greece_Header.jpg', 23, 7),
        (27, 13, 7, 'Colorfull', 'Look them closer', 'https://storage.googleapis.com/pixiewars7/paul-zoetemeijer-o-IHEi1QcP4-unsplash.jpg', 6, 0),
        (28, 13, 9, 'Candy Sky', 'Yummy Yummy', 'https://storage.googleapis.com/pixiewars7/kenrick-mills-MF9Wy1NA55I-unsplash.jpg', 6, 0),
        (29, 13, 10, 'Running in the mountains', 'Closer to the sky', 'https://storage.googleapis.com/pixiewars7/kalen-emsley-7bwQXzbF6KE-unsplash.jpg', 6, 0),
        (30, 6, 8, 'In the Jungle', 'The mighty jungle', 'https://storage.googleapis.com/pixiewars7/8-989_jungle_trail_web.jpg', 22, 5),
        (31, 6, 2, 'Doggy Dogg', 'Best friend', 'https://storage.googleapis.com/pixiewars7/jf-brou-915UJQaxtrk-unsplash.jpg', 24, 3),
        (32, 6, 3, 'Rock Sea ', 'Go wild in front of the Sea', 'https://storage.googleapis.com/pixiewars7/gabriel-vissoto-ZDKDamAi-3c-unsplash.jpg', 15, 7),
        (33, 6, 5, 'Barcelona View', 'Hola amigo, ¿cómo estás?', 'https://storage.googleapis.com/pixiewars7/122_00.jpg', 33, 2),
        (34, 6, 6, 'Happy life', 'Love the nights ', 'https://storage.googleapis.com/pixiewars7/blake-wisz-TcgASSD5G04-unsplash.jpg', 6, 0),
        (35, 6, 9, 'Aurora Borealis', 'The magic in the north', 'https://storage.googleapis.com/pixiewars7/vincent-guth-62V7ntlKgL8-unsplash.jpg', 6, 0),
        (36, 15, 8, 'The Colors of The Tree', 'When the spring is coming', 'https://storage.googleapis.com/pixiewars7/arno-smit-sKJ7zSylUao-unsplash.jpg', 19, 7),
        (37, 15, 4, 'Look me in the Eyes', 'Choose one!', 'https://storage.googleapis.com/pixiewars7/kachenaReniBubi.jpg', 9, 0),
        (38, 15, 1, 'Thoughtful', 'I can''t take my eyes off', 'https://storage.googleapis.com/pixiewars7/reni.jpeg', 9, 0),
        (39, 15, 3, 'To be or not to Be', 'In Maldives', 'https://storage.googleapis.com/pixiewars7/iStock-155159426.jpg', 25, 3),
        (40, 15, 5, 'Different perspective', 'Where buildings touch the sky', 'https://storage.googleapis.com/pixiewars7/kachenaReniSgradi.jpg', 21, 8),
        (41, 15, 7, 'Romantic', 'Love flowers', 'https://storage.googleapis.com/pixiewars7/catrina-farrell-79Qa_Zr-iEs-unsplash.jpg', 6, 0),
        (42, 15, 10, 'Fly me to the Moon', 'Turkey', 'https://storage.googleapis.com/pixiewars7/ian-dooley-DuBNA1QMpPA-unsplash.jpg', 9, 0),
        (43, 5, 1, 'Hard times', 'Nobody loves war', 'https://storage.googleapis.com/pixiewars7/lazo.jpg', 9, 0),
        (44, 5, 2, 'Say hi to the Parrot', 'Double or nothing', 'https://storage.googleapis.com/pixiewars7/ilona-frey-0UKyrKCoutM-unsplash.jpg', 19, 5),
        (45, 5, 6, 'Cold but Gold', 'Love freedom of skiing in winter', 'https://storage.googleapis.com/pixiewars7/Winter%20camping7.jpg', 12, 0),
        (46, 5, 7, 'Let''s do some work', 'Gardening is my hobby ', 'https://storage.googleapis.com/pixiewars7/kachenaLazarCvetq.jpg', 6, 0),
        (47, 5, 10, 'Feels like Harry Potter', 'It s a magic', 'https://storage.googleapis.com/pixiewars7/jack-anstey-XVoyX7l9ocY-unsplash.jpg', 9, 0),
        (48, 4, 8, 'Tarzan mood', 'Survivor ', 'https://storage.googleapis.com/pixiewars7/fabio-fistarol-adLo80F_9P0-unsplash.jpg', 18, 8),
        (49, 4, 4, 'The red workers', 'Always working', 'https://storage.googleapis.com/pixiewars7/kachenaIvanBubi.jpg', 12, 0),
        (50, 4, 1, 'My sister', 'Isn''t she beautiful', 'https://storage.googleapis.com/pixiewars7/ivan.jpg', 9, 0),
        (51, 4, 2, 'Heir to the dragon', 'I run faster than you psssss', 'https://storage.googleapis.com/pixiewars7/komodo-dragon-head-on_2x1.jpg', 16, 7),
        (52, 4, 3, 'O-wim-o-weh o-wim-o-weh ', 'I am Java developer :)', 'https://storage.googleapis.com/pixiewars7/dharmendra-sahu-Ia2Kjtrx8y4-unsplash.jpg', 14, 8),
        (53, 4, 5, 'Hong Kong', 'Hello big city', 'https://storage.googleapis.com/pixiewars7/160701184442-hk-beauty-skyline-harbor.jpg', 32, 3),
        (54, 4, 6, 'Freedom', 'Alone under the sky', 'https://storage.googleapis.com/pixiewars7/kevin-ianeselli-ebnlHkqfUHY-unsplash.jpg', 12, 0),
        (55, 4, 7, 'Daisy', 'Spring mood', 'https://storage.googleapis.com/pixiewars7/mitchel-lensink-TtP9IVxxvD0-unsplash.jpg', 6, 0),
        (56, 4, 9, 'Above the mountain', 'Do you see the peak', 'https://storage.googleapis.com/pixiewars7/dominik-schroder-FIKD9t5_5zQ-unsplash.jpg', 12, 0),
        (57, 4, 10, 'Explore', '...while travelling', 'https://storage.googleapis.com/pixiewars7/dino-reichmuth-A5rCN8626Ck-unsplash.jpg', 9, 0),
        (58, 18, 4, 'Scared', 'Different point of view', 'https://storage.googleapis.com/pixiewars7/insects-macro-photography-female-european-rhino-beetle.jpg', 12, 0),
        (59, 18, 2, 'Small killer', 'Watching a mouse  ', 'https://storage.googleapis.com/pixiewars7/sergey-semin-rftEN8cYgUg-unsplash.jpg', 3, 9),
        (60, 18, 3, 'Wavyyy', 'The power of the sea', 'https://storage.googleapis.com/pixiewars7/kachenaLukiPlajove.jpg', 34, 1),
        (61, 18, 6, 'Princess', '... in the Nature', 'https://storage.googleapis.com/pixiewars7/lucija-ros-MlCaPR4UTSw-unsplash.jpg', 12, 0),
        (62, 18, 9, 'Storm', 'in my Heart, in the Sky', 'https://storage.googleapis.com/pixiewars7/michael-diane-weidner-h-rP5KSC2W0-unsplash.jpg', 12, 0),
        (63, 18, 10, 'See you next time', 'my Love', 'https://storage.googleapis.com/pixiewars7/eva-darron-oCdVtGFeDC0-unsplash.jpg', 9, 0),
        (64, 11, 8, 'What do you see?', 'Green ', 'https://storage.googleapis.com/pixiewars7/forests-1440x655.jpg', 15, 9),
        (65, 11, 4, 'Gengsta Bee ', 'Who is the boss?', 'https://storage.googleapis.com/pixiewars7/kachenaViktorBubi.jpg', 12, 0),
        (66, 11, 1, 'Wise Man', 'Story in his eyes', 'https://storage.googleapis.com/pixiewars7/viktor.jpg', 12, 0),
        (67, 11, 2, 'Emotions', 'Family ', 'https://storage.googleapis.com/pixiewars7/The_Emotional_Life_of_Animals_And_What_It_Means_for_Us.jpg', 30, 2),
        (68, 11, 3, 'Lonely Island', 'Water is clear', 'https://storage.googleapis.com/pixiewars7/shutterstock_1938868960-2.jpg', 30, 2),
        (69, 11, 5, 'National Assembly', 'Bulgaria: Ko kaza ko?', 'https://storage.googleapis.com/pixiewars7/National_Assembly_main_building,_Sofia,_October_2016_02.jpg', 25, 5),
        (70, 11, 6, 'Who loves fishing?', 'Childhood memories', 'https://storage.googleapis.com/pixiewars7/kevin-schmid-Mta8r0bxhbo-unsplash.jpg', 12, 0),
        (71, 11, 7, 'Purple', 'Focus only one', 'https://storage.googleapis.com/pixiewars7/yuliia-lazarenko--af2aC2Cfvo-unsplash.jpg', 9, 0),
        (72, 11, 9, 'Do you believe in ... ', 'Power of the nature', 'https://storage.googleapis.com/pixiewars7/diego-ph-vTitvl4O2kE-unsplash.jpg', 12, 0),
        (73, 11, 10, 'Keep Walking', 'This is not an advertisement', 'https://storage.googleapis.com/pixiewars7/simon-english-48nerZQCHgo-unsplash.jpg', 9, 0),
        (74, 9, 4, 'No Title', 'No Story... I want to forget', 'https://storage.googleapis.com/pixiewars7/kachenaSamuilBubi.jpg', 12, 0),
        (75, 9, 1, 'Profile', 'In the mind', 'https://storage.googleapis.com/pixiewars7/pexels-photo-3031397.jpg', 12, 0),
        (76, 9, 3, 'Beach in Maldives', 'Testing the new drone', 'https://storage.googleapis.com/pixiewars7/shifaaz-shamoon-Rl9l9mL6Pvs-unsplash.jpg', 17, 5),
        (77, 9, 10, 'At the sea', 'Exploring the undiscovered', 'https://storage.googleapis.com/pixiewars7/mohamed-masaau-nfF5-G6cFwY-unsplash.jpg', 9, 0),
        (78, 16, 8, 'Forest on the Horizon', 'Another perspective', 'https://storage.googleapis.com/pixiewars7/vlad-shapochnikov-P36KI_ws3vs-unsplash.jpg', 32, 3),
        (79, 16, 2, 'High in the skies', 'THe big bird', 'https://storage.googleapis.com/pixiewars7/tof-mayanoff-CS5vT_Kin3E-unsplash.jpg', 20, 4),
        (80, 16, 5, 'The hidden side', 'There is two types: rich and poor', 'https://storage.googleapis.com/pixiewars7/ORIGINAL-hong_kong_ili_kakvo_e_da_imash_7_miliona_sasedi-01.jpg', 24, 6),
        (81, 16, 6, 'Back to the roots', 'The real Americans', 'https://storage.googleapis.com/pixiewars7/maher-el-aridi-vBK7wUWczxk-unsplash.jpg', 12, 0),
        (82, 16, 7, 'Light in the darkness', 'Do you like it?', 'https://storage.googleapis.com/pixiewars7/yousef-espanioly-0iOOw41DZ28-unsplash.jpg', 12, 0),
        (83, 16, 9, 'Under the open sky', 'in open Sea', 'https://storage.googleapis.com/pixiewars7/johannes-plenio-DKix6Un55mw-unsplash.jpg', 12, 0),
        (84, 14, 8, 'Army of the trees', 'They are waiting for us!', 'https://storage.googleapis.com/pixiewars7/michael-benz--IZ2sgQKIhM-unsplash.jpg', 27, 4),
        (85, 14, 4, 'Professor Spidy', 'I got an ''A'' at school again', 'https://storage.googleapis.com/pixiewars7/animal-arachnid-blur-762888.jpg', 12, 0),
        (86, 12, 4, 'Come little boy', 'aaaaaaaaaaaaaaaa!', 'https://storage.googleapis.com/pixiewars7/p0crl2dz.jpg', 12, 0),
        (87, 12, 9, 'The Fog', 'It looks like a desert but it''s not', 'https://storage.googleapis.com/pixiewars7/sergey-pesterev-tMvuB9se2uQ-unsplash.jpg', 12, 0),
        (88, 12, 2, 'Black in White', 'Run... for your life!', 'https://storage.googleapis.com/pixiewars7/t7l6jJ0-black-wolf-wallpapers.jpg', 14, 8),
        (89, 17, 8, 'We are small', 'History in front of us', 'https://storage.googleapis.com/pixiewars7/Screenshot_1.jpg', 37, 1),
        (90, 17, 4, 'Butterfly', 'Looks like an eye', 'https://storage.googleapis.com/pixiewars7/david-clode-w5fqK3Hwvr4-unsplash.jpg', 12, 0),
        (91, 17, 10, 'My Boyfriend', 'To nowhere', 'https://storage.googleapis.com/pixiewars7/philipp-kammerer-6Mxb_mZ_Q8E-unsplash.jpg', 12, 0),
        (92, 17, 7, 'Golden tulips', 'I love the colors', 'https://storage.googleapis.com/pixiewars7/krystina-rogers-5aXEo-hGwU0-unsplash.jpg', 15, 0),
        (93, 17, 5, 'Ever been to Toronto', 'Je m appelle Nadejda!', 'https://storage.googleapis.com/pixiewars7/zia-syed-gOq27RHoL3s-unsplash.jpg', 39, 1),
        (94, 17, 6, 'The Garden is my World', 'Cozy family vacation ', 'https://storage.googleapis.com/pixiewars7/lance-anderson-JKmjElTIG5I-unsplash.jpg', 12, 0),
        (95, 17, 9, 'Stars', 'Like me', 'https://storage.googleapis.com/pixiewars7/nathan-anderson-L95xDkSSuWw-unsplash.jpg', 12, 0),
        (96, 18, 12, 'Tennis', 'The sport that makes me happy', 'https://storage.googleapis.com/pixiewars7/jeffery-erhunse-xvl_cfsMQ8M-unsplash-scaled.jpg', 6, 0),
        (98, 4, 11, 'Red Peak', 'Morning photo', 'https://storage.googleapis.com/pixiewars7/nicolai-kramer-reZbvcVASPI-unsplash.jpg', 36, 3),
        (99, 8, 11, 'Reflection', 'Best view for a vacation', 'https://storage.googleapis.com/pixiewars7/marek-piwnicki-LQYxMsOljAI-unsplash.jpg', 26, 6),
        (100, 10, 11, 'Love that picture', 'Do you like it', 'https://storage.googleapis.com/pixiewars7/64654654.jpg', 0, 8),
        (101, 11, 11, 'On the Top', 'Imagining skiing here', 'https://storage.googleapis.com/pixiewars7/lucian-v_mTgSs6UiY-unsplash.jpg', 38, 2),
        (102, 15, 11, 'Lake in the Mountain', 'Crystal water, beautiful view', 'https://storage.googleapis.com/pixiewars7/renato-pozzi-G4oGYy_ZcsQ-unsplash.jpg', 31, 4),
        (103, 6, 11, 'Power', 'of the Mountain', 'https://storage.googleapis.com/pixiewars7/mountain-quotes-mountain-captions-for-instagram-21.jpg', 39, 1),
        (104, 17, 11, 'Nature view', 'I want to go back there', 'https://storage.googleapis.com/pixiewars7/20200722-06-01-17-pn.jpg', 22, 7),
        (105, 14, 11, 'From far away', 'Where the mountain touch the sky', 'https://storage.googleapis.com/pixiewars7/jerry-zhang-Y8lCoTRgHPE-unsplash.jpg', 29, 5),
        (106, 11, 12, 'BaseBall', 'To the moon', 'https://storage.googleapis.com/pixiewars7/Alvarez_Patrick.ru.387.jpg', 6, 0),
        (107, 10, 12, 'Football', 'Great game', 'https://storage.googleapis.com/pixiewars7/moosa-moseneke-WOP-W1Yg6cg-unsplash.jpg', 6, 0),
        (108, 8, 12, 'VolleyBall', 'Love summer because of this sport', 'https://storage.googleapis.com/pixiewars7/jannes-glas-0NaQQsLWLkA-unsplash.jpg', 9, 0),
        (109, 4, 12, 'Running', 'Run, Forest, Run!', 'https://storage.googleapis.com/pixiewars7/markus-spiske-cSladFbk1bw-unsplash.jpg', 9, 0),
        (110, 16, 12, 'Swimming', 'Makes me feel free', 'https://storage.googleapis.com/pixiewars7/gentrit-sylejmani-JjUyjE-oEbM-unsplash.jpg', 9, 0);


insert into reviews (review_id, user_id, participation_id, score, comment)
values  (1, 1, 2, 7, 'Interesting perspective'),
        (2, 1, 13, 5, 'Very beautiful'),
        (3, 1, 21, 9, 'Perfect angle'),
        (4, 1, 24, 6, 'The title matches the photo perfectly'),
        (5, 1, 31, 7, 'Nice colors'),
        (6, 1, 44, 6, 'Nice colors'),
        (7, 1, 51, 4, 'Nice frame'),
        (8, 1, 59, 3, 'Not that good photo but thanks for trying'),
        (9, 1, 67, 8, 'Love that photo. Great'),
        (10, 1, 79, 5, 'Woooow'),
        (11, 1, 88, 3, 'Bad quality'),
        (12, 2, 2, 6, 'Interesting'),
        (13, 2, 13, 7, 'Very beautiful'),
        (14, 2, 21, 9, 'Very nice photo
'),
        (15, 2, 24, 6, 'Nice frame'),
        (16, 2, 31, 8, 'Very nice photo'),
        (17, 2, 44, 5, 'Nice colors'),
        (18, 2, 51, 5, 'Nice frame'),
        (19, 2, 59, 0, 'Doesn''t looks real'),
        (20, 2, 67, 8, 'Perfect angle'),
        (21, 2, 79, 4, 'Interesting perspective'),
        (22, 2, 88, 2, 'Interesting'),
        (23, 15, 2, 6, 'Nice frame'),
        (24, 15, 13, 6, 'Lovely'),
        (25, 15, 21, 10, 'Very nice photo and colors
 '),
        (26, 15, 24, 6, 'Nice Title and beautiful Photo'),
        (27, 15, 31, 8, 'Perfect angle'),
        (28, 15, 44, 5, 'Beautiful colors'),
        (29, 15, 51, 4, 'Nice frame'),
        (30, 15, 59, 3, 'Looks like a painting'),
        (31, 15, 67, 9, 'Very nice photo
'),
        (32, 15, 79, 5, 'Nice frame'),
        (33, 15, 88, 6, 'Interesting'),
        (34, 9, 2, 6, 'Nice frame'),
        (35, 9, 13, 8, 'Verry nice photo
'),
        (36, 9, 21, 9, 'Very beautiful'),
        (37, 9, 24, 5, 'Nice focus'),
        (38, 9, 31, 7, 'Cute dog nice photo'),
        (39, 9, 44, 6, 'Nice colors'),
        (40, 9, 51, 6, 'Nice frame yaaay'),
        (41, 9, 59, 0, 'I think it s not your photo'),
        (42, 9, 67, 8, 'Nice colors'),
        (43, 9, 79, 6, 'Perfect angle'),
        (44, 9, 88, 3, 'Not that good photo but thanks for trying'),
        (45, 1, 3, 6, 'Very beautiful'),
        (46, 1, 14, 7, 'Nice frame'),
        (47, 1, 25, 8, 'Very nice photo
'),
        (48, 1, 32, 5, 'Perfect angle'),
        (49, 1, 39, 6, 'Nice colors'),
        (50, 1, 52, 4, 'Interesting perspective'),
        (51, 1, 60, 10, 'Very beautiful photo'),
        (52, 1, 68, 7, 'Lovely photo'),
        (53, 1, 76, 6, 'Nice angle'),
        (54, 2, 3, 7, 'Love that photo'),
        (55, 2, 14, 6, 'Very nice'),
        (56, 2, 25, 6, 'Nice View Good Photo'),
        (57, 2, 32, 4, 'A lot of rocks but good angle'),
        (58, 2, 39, 9, 'Very nice photo colors
'),
        (59, 2, 52, 3, 'Good View'),
        (60, 2, 60, 9, 'Very emotional photo'),
        (61, 2, 68, 9, 'Best water Perfect photo'),
        (62, 2, 76, 5, 'Interesting perspective'),
        (63, 5, 3, 5, 'Nice colors'),
        (64, 5, 14, 5, 'Good view'),
        (65, 5, 25, 6, 'Love Greece, good photo'),
        (66, 5, 32, 6, 'Rocky... like the photo'),
        (67, 5, 39, 9, 'It''s like pool. Very nice photo'),
        (68, 5, 52, 5, 'good frame'),
        (69, 5, 60, 9, 'Perfect angle'),
        (70, 5, 68, 7, 'Super composition '),
        (71, 5, 76, 6, 'Interesting perspective'),
        (72, 12, 3, 5, 'Nice frame'),
        (73, 12, 14, 4, 'Good view'),
        (74, 12, 25, 7, 'Like this View'),
        (75, 12, 32, 6, 'Nice colors bro'),
        (76, 12, 39, 7, 'Good photo'),
        (77, 12, 52, 5, 'Good perspective'),
        (78, 12, 60, 9, 'Wasn''t easy. Great job'),
        (79, 12, 68, 10, 'Oh my God perfect'),
        (80, 12, 76, 3, 'Good angle'),
        (81, 2, 1, 7, 'Very good'),
        (82, 2, 10, 10, 'Perfect shot'),
        (83, 2, 30, 6, 'The lions sleeps tonight'),
        (84, 2, 36, 4, 'Good colors, but its so macro'),
        (85, 2, 48, 4, 'Seems adventurous'),
        (86, 2, 64, 6, 'I see only trees. Great shot'),
        (87, 2, 78, 8, 'Great horizon'),
        (88, 2, 84, 6, 'Good colors'),
        (89, 2, 89, 10, 'Wow! Looks awesome'),
        (90, 1, 1, 7, 'Road to the eternity. Wow'),
        (91, 1, 10, 10, 'Awesome, man! How did you do that shot?'),
        (92, 1, 30, 7, 'Are there a lot of snakes?'),
        (93, 1, 36, 8, 'Beautiful photo!'),
        (94, 1, 48, 8, 'Did you saw Tarzan? Very good photo!'),
        (95, 1, 64, 6, 'Nice shot, man'),
        (96, 1, 78, 8, 'You deserve an award for this photo'),
        (97, 1, 84, 7, 'Great perspective'),
        (98, 1, 89, 9, 'Amazing photo!'),
        (99, 18, 1, 7, 'I love autumn! Good photo'),
        (100, 18, 10, 9, 'Great nature!'),
        (101, 18, 30, 8, 'Love it!'),
        (102, 18, 36, 5, 'I love pink'),
        (103, 18, 48, 6, 'Great waterfall'),
        (104, 18, 64, 3, 'Not so good photo'),
        (105, 18, 78, 8, 'Nice one!'),
        (106, 18, 84, 7, 'Wow, great'),
        (107, 18, 89, 9, 'What a shot!'),
        (108, 9, 1, 6, 'Interesting one'),
        (109, 9, 10, 10, 'Great view'),
        (110, 9, 30, 7, 'Where is this place? I love it'),
        (111, 9, 36, 8, 'What''s this tree? Very good one'),
        (112, 9, 48, 6, 'Good angle'),
        (113, 9, 64, 3, 'Is this made by a drone?'),
        (114, 9, 78, 8, 'Good shot'),
        (115, 9, 84, 7, 'Great photo'),
        (116, 9, 89, 9, 'What a photo! Love it'),
        (117, 2, 4, 8, 'Wow! Good one'),
        (118, 2, 15, 7, 'History in a photo! Love it'),
        (119, 2, 26, 8, 'I love Santorini!'),
        (120, 2, 33, 10, 'Top photo!'),
        (121, 2, 40, 6, 'Great angle'),
        (122, 2, 53, 8, 'Awesome colors'),
        (123, 2, 69, 6, 'I see politics here'),
        (124, 2, 80, 6, 'Good photo, sad, but good'),
        (125, 2, 93, 10, 'This is the winner for me!'),
        (126, 1, 4, 7, 'What a photo, mate'),
        (127, 1, 15, 8, 'L''italiano vero'),
        (128, 1, 26, 5, 'Greece is the place'),
        (129, 1, 33, 10, 'Amazing!'),
        (130, 1, 40, 6, 'Good one'),
        (131, 1, 53, 9, 'You''ve been there? Nice'),
        (132, 1, 69, 5, 'Is this in Sofia?'),
        (133, 1, 80, 7, 'Interesting one'),
        (134, 1, 93, 9, 'Very good one!'),
        (135, 18, 4, 7, 'Good, bro'),
        (136, 18, 15, 8, 'Wow, beautiful'),
        (137, 18, 26, 7, 'Great shot'),
        (138, 18, 33, 10, 'I love this one!'),
        (139, 18, 40, 8, 'Where''s that? Good one'),
        (140, 18, 53, 9, 'Nice'),
        (141, 18, 69, 8, 'Interesting architecture'),
        (142, 18, 80, 6, 'Sad view, good photo'),
        (143, 18, 93, 10, 'Great one!'),
        (144, 5, 4, 8, 'What a city, what a photo!'),
        (145, 5, 15, 10, 'I love this one'),
        (146, 5, 26, 9, 'Sea and sun! Perfect place and photo'),
        (147, 5, 33, 9, 'Just awesome'),
        (148, 5, 40, 7, 'Interesting one'),
        (149, 5, 53, 9, 'What a shot!'),
        (150, 5, 69, 6, 'I like this'),
        (151, 5, 80, 5, 'Where is this?'),
        (152, 5, 93, 10, 'Wooooow'),
        (153, 1, 98, 8, 'Nice photo'),
        (154, 1, 99, 7, 'Perfect frame'),
        (155, 1, 100, 0, 'Very bad joke'),
        (156, 1, 101, 10, 'Speechless '),
        (157, 1, 102, 8, 'Perfect frame, nice colors'),
        (158, 1, 103, 9, 'Avalanche warning. Very nice job'),
        (159, 1, 104, 5, 'Not good quality but nice frame'),
        (160, 1, 105, 7, 'Magnificent '),
        (161, 18, 100, 0, 'It s not your photo. Very bad'),
        (162, 18, 101, 9, 'Perfect frame and photo'),
        (163, 18, 102, 8, 'Nice View'),
        (164, 18, 98, 10, 'Perfect photo'),
        (165, 18, 99, 6, 'lovely place'),
        (166, 18, 103, 10, 'Impressive photo'),
        (167, 18, 104, 6, 'Good angle'),
        (168, 18, 105, 7, 'Nice colors'),
        (169, 2, 98, 9, 'Very nice'),
        (170, 2, 99, 7, 'Great view'),
        (171, 2, 100, 0, 'Very bad'),
        (172, 2, 101, 9, 'What a photo'),
        (173, 2, 102, 7, 'Great colors and view'),
        (174, 2, 103, 10, 'Majestic'),
        (175, 2, 104, 6, 'Nice '),
        (176, 2, 105, 8, 'Marvellous'),
        (177, 5, 98, 9, 'Incredible'),
        (178, 5, 99, 6, 'Good view'),
        (179, 5, 100, 0, 'Block that user'),
        (180, 5, 101, 10, 'OMG Great'),
        (181, 5, 102, 8, 'Perfect frame'),
        (182, 5, 103, 10, 'Very nice photo man'),
        (183, 5, 104, 5, 'Goood, but Bad quality'),
        (184, 5, 105, 7, 'Power in photo');




